m_k_n,Total Size,Avg DDR BW (GB/s),Max DDR BW (GB/s),Min DDR BW (GB/s)
32_32_32,256,3.58736,3.72533,3.42529
32_64_64,256,7.03283,7.5898,6.63538
32_128_128,256,13.6509,14.7845,11.0764
32_256_256,256,21.473,22.4843,18.8065
32_512_512,256,22.0048,24.4059,19.499
